Workbook

Sheet Sheet1
B2: المنطقة | C2: New | H2: Migration
C3: Completed | E3: Survey Done | G3: Pending Survey | H3: Completed | J3: Survey Done | L3: Pending Survey | M3: Flag
C4: YTD | D4: Yesterday | E4: YTD | F4: Yesterday | H4: YTD | I4: Yesterday | J4: YTD | K4: Yesterday | M4: YTD | N4: Yesterday
B5: المنطقة الاولى اسكندرية | C5: =VLOOKUP(B5,today!C:Q,3,0) -> 0 | D5: =C5-VLOOKUP(B5,yesterday!C:Q,3,0) -> -4581 | E5: =VLOOKUP(B5,today!C:Q,4,0) -> 0 | F5: =VLOOKUP(B5,today!C:Q,6,0) -> 22 | G5: =VLOOKUP(B5,today!C:Q,7,0) -> 0 | H5: =VLOOKUP(B5,today!C:Q,8,0) -> 31211 | I5: =H5-VLOOKUP(B5,yesterday!C:Q,8,0) -> 172 | J5: =VLOOKUP(B5,today!C:Q,9,0) -> 40962 | K5: =VLOOKUP(B5,today!C:Q,11,0) -> 0 | L5: =VLOOKUP(B5,today!C:Q,12,0) -> 11351 | M5: =VLOOKUP(B5,today!C:Q,13,0) -> 55274 | N5: =VLOOKUP(B5,today!C:Q,15,0) -> 24
B6: المنطقة الثالثة اسكندرية | C6: =VLOOKUP(B6,today!C:Q,3,0) -> 0 | D6: =C6-VLOOKUP(B6,yesterday!C:Q,3,0) -> -8243 | E6: =VLOOKUP(B6,today!C:Q,4,0) -> 0 | F6: =VLOOKUP(B6,today!C:Q,6,0) -> 51 | G6: =VLOOKUP(B6,today!C:Q,7,0) -> 66 | H6: =VLOOKUP(B6,today!C:Q,8,0) -> 0 | I6: =H6-VLOOKUP(B6,yesterday!C:Q,8,0) -> -36500 | J6: =VLOOKUP(B6,today!C:Q,9,0) -> 52833 | K6: =VLOOKUP(B6,today!C:Q,11,0) -> 0 | L6: =VLOOKUP(B6,today!C:Q,12,0) -> 0 | M6: =VLOOKUP(B6,today!C:Q,13,0) -> 0 | N6: =VLOOKUP(B6,today!C:Q,15,0) -> 8
B7: المنطقة الثانية اسكندرية | C7: =VLOOKUP(B7,today!C:Q,3,0) -> 0 | D7: =C7-VLOOKUP(B7,yesterday!C:Q,3,0) -> -10579 | E7: =VLOOKUP(B7,today!C:Q,4,0) -> 0 | F7: =VLOOKUP(B7,today!C:Q,6,0) -> 81 | G7: =VLOOKUP(B7,today!C:Q,7,0) -> 341 | H7: =VLOOKUP(B7,today!C:Q,8,0) -> 0 | I7: =H7-VLOOKUP(B7,yesterday!C:Q,8,0) -> -48781 | J7: =VLOOKUP(B7,today!C:Q,9,0) -> 74623 | K7: =VLOOKUP(B7,today!C:Q,11,0) -> 0 | L7: =VLOOKUP(B7,today!C:Q,12,0) -> 0 | M7: =VLOOKUP(B7,today!C:Q,13,0) -> 0 | N7: =VLOOKUP(B7,today!C:Q,15,0) -> 342
B8: المنطقة الاولى بالساحل الشمالى | C8: =VLOOKUP(B8,today!C:Q,3,0) -> 9536 | D8: =C8-VLOOKUP(B8,yesterday!C:Q,3,0) -> 84 | E8: =VLOOKUP(B8,today!C:Q,4,0) -> 0 | F8: =VLOOKUP(B8,today!C:Q,6,0) -> 59 | G8: =VLOOKUP(B8,today!C:Q,7,0) -> 130 | H8: =VLOOKUP(B8,today!C:Q,8,0) -> 0 | I8: =H8-VLOOKUP(B8,yesterday!C:Q,8,0) -> -30404 | J8: =VLOOKUP(B8,today!C:Q,9,0) -> 0 | K8: =VLOOKUP(B8,today!C:Q,11,0) -> 299 | L8: =VLOOKUP(B8,today!C:Q,12,0) -> 0 | M8: =VLOOKUP(B8,today!C:Q,13,0) -> 0 | N8: =VLOOKUP(B8,today!C:Q,15,0) -> 21
B9: المنطقة الثالثة بالساحل الشمالى | C9: =VLOOKUP(B9,today!C:Q,3,0) -> 3439 | D9: =C9-VLOOKUP(B9,yesterday!C:Q,3,0) -> 1 | E9: =VLOOKUP(B9,today!C:Q,4,0) -> 1967 | F9: =VLOOKUP(B9,today!C:Q,6,0) -> 4 | G9: =VLOOKUP(B9,today!C:Q,7,0) -> 5 | H9: =VLOOKUP(B9,today!C:Q,8,0) -> 16 | I9: =H9-VLOOKUP(B9,yesterday!C:Q,8,0) -> 0 | J9: =VLOOKUP(B9,today!C:Q,9,0) -> 0 | K9: =VLOOKUP(B9,today!C:Q,11,0) -> 1 | L9: =VLOOKUP(B9,today!C:Q,12,0) -> 0 | M9: =VLOOKUP(B9,today!C:Q,13,0) -> 0 | N9: =VLOOKUP(B9,today!C:Q,15,0) -> 0
B10: المنطقة الثانية بالساحل الشمالى | C10: =VLOOKUP(B10,today!C:Q,3,0) -> 946 | D10: =C10-VLOOKUP(B10,yesterday!C:Q,3,0) -> 5 | E10: =VLOOKUP(B10,today!C:Q,4,0) -> 871 | F10: =VLOOKUP(B10,today!C:Q,6,0) -> 4 | G10: =VLOOKUP(B10,today!C:Q,7,0) -> 7 | H10: =VLOOKUP(B10,today!C:Q,8,0) -> 332 | I10: =H10-VLOOKUP(B10,yesterday!C:Q,8,0) -> 3 | J10: =VLOOKUP(B10,today!C:Q,9,0) -> 387 | K10: =VLOOKUP(B10,today!C:Q,11,0) -> 3 | L10: =VLOOKUP(B10,today!C:Q,12,0) -> 54 | M10: =VLOOKUP(B10,today!C:Q,13,0) -> 454 | N10: =VLOOKUP(B10,today!C:Q,15,0) -> 0
B11: منطقة تليفونات البحيرة الاولى | C11: =VLOOKUP(B11,today!C:Q,3,0) -> 1523 | D11: =C11-VLOOKUP(B11,yesterday!C:Q,3,0) -> 6 | E11: =VLOOKUP(B11,today!C:Q,4,0) -> 1897 | F11: =VLOOKUP(B11,today!C:Q,6,0) -> 8 | G11: =VLOOKUP(B11,today!C:Q,7,0) -> 15 | H11: =VLOOKUP(B11,today!C:Q,8,0) -> 1617 | I11: =H11-VLOOKUP(B11,yesterday!C:Q,8,0) -> 13 | J11: =VLOOKUP(B11,today!C:Q,9,0) -> 2289 | K11: =VLOOKUP(B11,today!C:Q,11,0) -> 88 | L11: =VLOOKUP(B11,today!C:Q,12,0) -> 6 | M11: =VLOOKUP(B11,today!C:Q,13,0) -> 2589 | N11: =VLOOKUP(B11,today!C:Q,15,0) -> 2
B12: منطقة تليفونات البحيرة الثانية | C12: =VLOOKUP(B12,today!C:Q,3,0) -> 2020 | D12: =C12-VLOOKUP(B12,yesterday!C:Q,3,0) -> 9 | E12: =VLOOKUP(B12,today!C:Q,4,0) -> 2403 | F12: =VLOOKUP(B12,today!C:Q,6,0) -> 0 | G12: =VLOOKUP(B12,today!C:Q,7,0) -> 8 | H12: =VLOOKUP(B12,today!C:Q,8,0) -> 996 | I12: =H12-VLOOKUP(B12,yesterday!C:Q,8,0) -> 0 | J12: =VLOOKUP(B12,today!C:Q,9,0) -> 1079 | K12: =VLOOKUP(B12,today!C:Q,11,0) -> 1 | L12: =VLOOKUP(B12,today!C:Q,12,0) -> 1 | M12: =VLOOKUP(B12,today!C:Q,13,0) -> 1049 | N12: =VLOOKUP(B12,today!C:Q,15,0) -> 1
B13: منطقة تليفونات كفر الشيخ | C13: =VLOOKUP(B13,today!C:Q,3,0) -> 2082 | D13: =C13-VLOOKUP(B13,yesterday!C:Q,3,0) -> 9 | E13: =VLOOKUP(B13,today!C:Q,4,0) -> 2159 | F13: =VLOOKUP(B13,today!C:Q,6,0) -> 14 | G13: =VLOOKUP(B13,today!C:Q,7,0) -> 18 | H13: =VLOOKUP(B13,today!C:Q,8,0) -> 1915 | I13: =H13-VLOOKUP(B13,yesterday!C:Q,8,0) -> 19 | J13: =VLOOKUP(B13,today!C:Q,9,0) -> 2699 | K13: =VLOOKUP(B13,today!C:Q,11,0) -> 25 | L13: =VLOOKUP(B13,today!C:Q,12,0) -> 207 | M13: =VLOOKUP(B13,today!C:Q,13,0) -> 3539 | N13: =VLOOKUP(B13,today!C:Q,15,0) -> 0
B14: منطقة الغربية الأولى | C14: =VLOOKUP(B14,today!C:Q,3,0) -> 1399 | D14: =C14-VLOOKUP(B14,yesterday!C:Q,3,0) -> 2 | E14: =VLOOKUP(B14,today!C:Q,4,0) -> 1280 | F14: =VLOOKUP(B14,today!C:Q,6,0) -> 2 | G14: =VLOOKUP(B14,today!C:Q,7,0) -> 9 | H14: =VLOOKUP(B14,today!C:Q,8,0) -> 1674 | I14: =H14-VLOOKUP(B14,yesterday!C:Q,8,0) -> 17 | J14: =VLOOKUP(B14,today!C:Q,9,0) -> 2200 | K14: =VLOOKUP(B14,today!C:Q,11,0) -> 22 | L14: =VLOOKUP(B14,today!C:Q,12,0) -> 4 | M14: =VLOOKUP(B14,today!C:Q,13,0) -> 3094 | N14: =VLOOKUP(B14,today!C:Q,15,0) -> 96
B15: منطقة الغربية الثانية | C15: =VLOOKUP(B15,today!C:Q,3,0) -> 849 | D15: =C15-VLOOKUP(B15,yesterday!C:Q,3,0) -> 2 | E15: =VLOOKUP(B15,today!C:Q,4,0) -> 779 | F15: =VLOOKUP(B15,today!C:Q,6,0) -> 2 | G15: =VLOOKUP(B15,today!C:Q,7,0) -> 4 | H15: =VLOOKUP(B15,today!C:Q,8,0) -> 374 | I15: =H15-VLOOKUP(B15,yesterday!C:Q,8,0) -> 8 | J15: =VLOOKUP(B15,today!C:Q,9,0) -> 401 | K15: =VLOOKUP(B15,today!C:Q,11,0) -> 3 | L15: =VLOOKUP(B15,today!C:Q,12,0) -> 10 | M15: =VLOOKUP(B15,today!C:Q,13,0) -> 1138 | N15: =VLOOKUP(B15,today!C:Q,15,0) -> 139
B16: منطقة تليفونات المنوفية | C16: =VLOOKUP(B16,today!C:Q,3,0) -> 2647 | D16: =C16-VLOOKUP(B16,yesterday!C:Q,3,0) -> 8 | E16: =VLOOKUP(B16,today!C:Q,4,0) -> 4353 | F16: =VLOOKUP(B16,today!C:Q,6,0) -> 10 | G16: =VLOOKUP(B16,today!C:Q,7,0) -> 38 | H16: =VLOOKUP(B16,today!C:Q,8,0) -> 1841 | I16: =H16-VLOOKUP(B16,yesterday!C:Q,8,0) -> 34 | J16: =VLOOKUP(B16,today!C:Q,9,0) -> 2596 | K16: =VLOOKUP(B16,today!C:Q,11,0) -> 44 | L16: =VLOOKUP(B16,today!C:Q,12,0) -> 33 | M16: =VLOOKUP(B16,today!C:Q,13,0) -> 2674 | N16: =VLOOKUP(B16,today!C:Q,15,0) -> 27
B17: اجمالى مناطق القطاعات | C17: =SUM(C5:C16) -> 24441 | D17: =SUM(D5:D16) -> -23277 | E17: =SUM(E5:E16) -> 15709 | F17: =SUM(F5:F16) -> 257 | G17: =SUM(G5:G16) -> 641 | H17: =SUM(H5:H16) -> 39976 | I17: =SUM(I5:I16) -> -115419 | J17: =SUM(J5:J16) -> 180069 | ... N17: =SUM(N5:N16) -> 660

Sheet today
A1: Senior Sector | B1: Sector | C1: Region | D1: Type | E1: Completed YTD | F1: Survey Done YTD | G1: Last 7 Days | H1: Yesterday | I1: Pending Survey | J1: Completed YTD | K1: Survey Done YTD | L1: Last 7 Days | M1: Yesterday | N1: Pending Survey | O1: Flagged 2026 | P1: Flagged Last 7 Days | Q1: Flagged Yesterday
A2: رئاسة القاهرة الكبرى | B2: قطاع شرق القاهرة | C2: المنطقة الاولى شرق | D2: Normal | E2: 8957 | F2: 8544 | G2: 398 | H2: 57 | I2: 172 | J2: 42267 | K2: 55092 | L2: 2630 | M2: 505 | N2: 10713 | O2: 75034 | P2: 3452 | Q2: 527
A3: رئاسة القاهرة الكبرى | B3: قطاع شرق القاهرة | C3: المنطقة الثالثة شرق | D3: Normal | E3: 3762 | F3: 3471 | G3: 128 | H3: 22 | I3: 37 | J3: 5546 | K3: 6578 | L3: 149 | M3: 54 | N3: 155 | O3: 10461 | P3: 155 | Q3: 0
A4: رئاسة القاهرة الكبرى | B4: قطاع شرق القاهرة | C4: المنطقة الثانية شرق | D4: Normal | E4: 5736 | F4: 5510 | G4: 161 | H4: 17 | I4: 68 | J4: 28894 | K4: 31938 | L4: 353 | M4: 94 | N4: 1211 | O4: 38473 | P4: 130 | Q4: 14
A5: رئاسة القاهرة الكبرى | B5: قطاع غرب القاهرة | C5: المنطقة الاولى غرب | D5: Normal | E5: 478 | F5: 424 | G5: 10 | H5: 2 | I5: 2 | J5: 4935 | K5: 5888 | L5: 28 | M5: 8 | N5: 10 | O5: 6233 | P5: 1 | Q5: 1
A6: رئاسة القاهرة الكبرى | B6: قطاع غرب القاهرة | C6: المنطقة الثالثة غرب | D6: Normal | E6: 4755 | F6: 4539 | G6: 161 | H6: 30 | I6: 57 | J6: 19111 | K6: 22653 | L6: 1088 | M6: 199 | N6: 296 | O6: 27112 | P6: 481 | Q6: 466
A7: رئاسة القاهرة الكبرى | B7: قطاع غرب القاهرة | C7: المنطقة الثانية غرب | D7: Normal | E7: 2485 | F7: 2452 | G7: 115 | H7: 18 | I7: 19 | J7: 23686 | K7: 28828 | L7: 490 | M7: 115 | N7: 336 | O7: 31549 | P7: 444 | Q7: 7
A8: رئاسة القاهرة الكبرى | B8: قطاع غرب القاهرة | C8: المنطقة الرابعه غرب | D8: Normal | E8: 4607 | F8: 4731 | G8: 191 | H8: 23 | I8: 74 | J8: 13963 | K8: 18134 | L8: 859 | M8: 174 | N8: 3091 | O8: 22647 | P8: 453 | Q8: 115
A9: رئاسة القاهرة الكبرى | B9: قطاع مناطق القاهرة الجديدة | C9: المنطقة الأولى القاهرة الجديدة | D9: Normal | E9: 25178 | F9: 22722 | G9: 709 | H9: 98 | I9: 469 | J9: 22883 | K9: 26137 | L9: 1373 | M9: 266 | N9: 1195 | O9: 39897 | P9: 2184 | Q9: 17
A10: رئاسة القاهرة الكبرى | B10: قطاع مناطق القاهرة الجديدة | C10: المنطقة الثالثة القاهرة الجديدة | D10: Normal | E10: 1620 | F10: 1524 | G10: 43 | H10: 5 | I10: 5 | J10: 18 | K10: 24 | L10: 1 | M10: 0 | N10: 1 | O10: 28 | P10: 0 | Q10: 0
A11: رئاسة القاهرة الكبرى | B11: قطاع مناطق القاهرة الجديدة | C11: المنطقة الثانية القاهرة الجديدة | D11: Normal | E11: 15578 | F11: 14851 | G11: 404 | H11: 64 | I11: 110 | J11: 18815 | K11: 19054 | L11: 269 | M11: 31 | N11: 36 | O11: 22716 | P11: 17 | Q11: 2
A12: رئاسة القاهرة الكبرى | B12: قطاع مناطق القاهرة الجديدة | C12: المنطقة الرابعة القاهرة الجديدة | D12: Normal | E12: 19070 | F12: 15321 | G12: 504 | H12: 47 | I12: 910 | J12: 11954 | K12: 15141 | L12: 814 | M12: 102 | N12: 1239 | O12: 19670 | P12: 650 | Q12: 3
A13: رئاسة المنطقة الجنوبية | B13: قطاع الجيزة | C13: المنطقة الاولى جيزة | D13: Normal | E13: 4483 | F13: 4494 | G13: 222 | H13: 34 | I13: 60 | J13: 56971 | K13: 75155 | L13: 2919 | M13: 846 | N13: 11292 | O13: 99789 | P13: 835 | Q13: 193
... A37: رئاسة المنطقة الشرقية | B37: قطاع السويس | C37: منطقة تليفونات البحر الاحمر | D37: Normal | E37: 2912 | F37: 2779 | G37: 76 | H37: 10 | I37: 13 | J37: 390 | K37: 774 | L37: 48 | M37: 2 | N37: 2 | O37: 881 | P37: 17 | Q37: 0
A38: رئاسة المنطقة الشرقية | B38: قطاع السويس | C38: منطقة تليفونات السويس | D38: Normal | E38: 2314 | F38: 2235 | G38: 107 | H38: 10 | J38: 10731 | K38: 19163 | L38: 2220 | M38: 201 | N38: 1863 | O38: 25765 | P38: 2015 | Q38: 410
A39: رئاسة المنطقة الشرقية | B39: قطاع السويس | C39: منطقة تليفونات جنوب سيناء | D39: Normal | E39: 659 | F39: 599 | G39: 18 | H39: 3 | J39: 80 | K39: 76 | L39: 0 | M39: 0 | N39: 1 | O39: 105 | P39: 0 | Q39: 0
A40: رئاسة المنطقة الغربية | B40: قطاع الأسكندرية | C40: المنطقة الاولى اسكندرية | D40: Normal | G40: 175 | H40: 22 | J40: 31211 | K40: 40962 | L40: 1587 | N40: 11351 | O40: 55274 | P40: 55 | Q40: 24
A41: رئاسة المنطقة الغربية | B41: قطاع الأسكندرية | C41: المنطقة الثالثة اسكندرية | D41: Normal | G41: 299 | H41: 51 | I41: 66 | K41: 52833 | L41: 2433 | P41: 69 | Q41: 8
A42: رئاسة المنطقة الغربية | B42: قطاع الأسكندرية | C42: المنطقة الثانية اسكندرية | D42: Normal | G42: 493 | H42: 81 | I42: 341 | K42: 74623 | L42: 4635 | Q42: 342
A43: رئاسة المنطقة الغربية | B43: قطاع الساحل الشمالى ومطروح | C43: المنطقة الاولى بالساحل الشمالى | D43: Normal | E43: 9536 | G43: 389 | H43: 59 | I43: 130 | L43: 2039 | M43: 299 | Q43: 21
A44: رئاسة المنطقة الغربية | B44: قطاع الساحل الشمالى ومطروح | C44: المنطقة الثالثة بالساحل الشمالى | D44: Normal | E44: 3439 | F44: 1967 | G44: 28 | H44: 4 | I44: 5 | J44: 16 | L44: 1 | M44: 1 | P44: 0 | Q44: 0
A45: رئاسة المنطقة الغربية | B45: قطاع الساحل الشمالى ومطروح | C45: المنطقة الثانية بالساحل الشمالى | D45: Normal | E45: 946 | F45: 871 | H45: 4 | I45: 7 | J45: 332 | K45: 387 | L45: 10 | M45: 3 | N45: 54 | O45: 454 | P45: 3 | Q45: 0
A46: رئاسة المنطقة الغربية | B46: قطاع غرب الدلتا | C46: منطقة تليفونات البحيرة الاولى | D46: Normal | E46: 1523 | F46: 1897 | G46: 53 | H46: 8 | I46: 15 | J46: 1617 | K46: 2289 | L46: 129 | M46: 88 | N46: 6 | O46: 2589 | P46: 167 | Q46: 2
A47: رئاسة المنطقة الغربية | B47: قطاع غرب الدلتا | C47: منطقة تليفونات البحيرة الثانية | D47: Normal | E47: 2020 | F47: 2403 | G47: 53 | I47: 8 | J47: 996 | K47: 1079 | L47: 21 | M47: 1 | N47: 1 | O47: 1049 | P47: 73 | Q47: 1
A48: رئاسة المنطقة الغربية | B48: قطاع غرب الدلتا | C48: منطقة تليفونات كفر الشيخ | D48: Normal | E48: 2082 | F48: 2159 | G48: 76 | H48: 14 | I48: 18 | J48: 1915 | K48: 2699 | L48: 293 | M48: 25 | N48: 207 | O48: 3539 | P48: 519 | Q48: 0
A49: رئاسة المنطقة الغربية | B49: قطاع وسط الدلتا | C49: منطقة الغربية الأولى | D49: Normal | E49: 1399 | F49: 1280 | G49: 43 | H49: 2 | I49: 9 | J49: 1674 | K49: 2200 | L49: 273 | M49: 22 | N49: 4 | O49: 3094 | P49: 265 | Q49: 96
A50: رئاسة المنطقة الغربية | B50: قطاع وسط الدلتا | C50: منطقة الغربية الثانية | D50: Normal | E50: 849 | F50: 779 | G50: 14 | H50: 2 | I50: 4 | J50: 374 | K50: 401 | L50: 43 | M50: 3 | N50: 10 | O50: 1138 | P50: 379 | Q50: 139
A51: رئاسة المنطقة الغربية | B51: قطاع وسط الدلتا | C51: منطقة تليفونات المنوفية | D51: Normal | E51: 2647 | F51: 4353 | G51: 169 | H51: 10 | I51: 38 | J51: 1841 | K51: 2596 | L51: 197 | M51: 44 | N51: 33 | O51: 2674 | P51: 138 | Q51: 27

Sheet yesterday
A1: Senior Sector | B1: Sector | C1: Region | D1: Type | E1: Completed YTD | F1: Survey Done YTD | G1: Last 7 Days | H1: Yesterday | I1: Pending Survey | J1: Completed YTD | K1: Survey Done YTD | L1: Last 7 Days | M1: Yesterday | N1: Pending Survey | O1: Flagged 2026 | P1: Flagged Last 7 Days | Q1: Flagged Yesterday
A2: رئاسة القاهرة الكبرى | B2: قطاع شرق القاهرة | C2: المنطقة الاولى شرق | D2: Normal | E2: 8898 | F2: 8487 | G2: 377 | H2: 54 | I2: 135 | J2: 41986 | K2: 54855 | L2: 2820 | M2: 647 | N2: 11010 | O2: 74731 | P2: 2942 | Q2: 0
A3: رئاسة القاهرة الكبرى | B3: قطاع شرق القاهرة | C3: المنطقة الثالثة شرق | D3: Normal | E3: 3739 | F3: 3450 | G3: 119 | H3: 15 | I3: 31 | J3: 5535 | K3: 6535 | L3: 115 | M3: 28 | N3: 199 | O3: 10475 | P3: 676 | Q3: 0
A4: رئاسة القاهرة الكبرى | B4: قطاع شرق القاهرة | C4: المنطقة الثانية شرق | D4: Normal | E4: 5712 | F4: 5494 | G4: 169 | H4: 17 | I4: 48 | J4: 28851 | K4: 31910 | L4: 386 | M4: 91 | N4: 1272 | O4: 38597 | P4: 301 | Q4: 10
A5: رئاسة القاهرة الكبرى | B5: قطاع غرب القاهرة | C5: المنطقة الاولى غرب | D5: Normal | E5: 468 | F5: 422 | G5: 10 | H5: 0 | I5: 2 | J5: 4926 | K5: 5886 | L5: 28 | M5: 2 | N5: 15 | O5: 6252 | P5: 0 | Q5: 0
A6: رئاسة القاهرة الكبرى | B6: قطاع غرب القاهرة | C6: المنطقة الثالثة غرب | D6: Normal | E6: 4724 | F6: 4511 | G6: 148 | H6: 7 | I6: 68 | J6: 18948 | K6: 22574 | L6: 1164 | M6: 258 | N6: 449 | O6: 26781 | P6: 16 | Q6: 0
A7: رئاسة القاهرة الكبرى | B7: قطاع غرب القاهرة | C7: المنطقة الثانية غرب | D7: Normal | E7: 2465 | F7: 2434 | G7: 113 | H7: 8 | I7: 15 | J7: 23583 | K7: 28809 | L7: 594 | M7: 77 | N7: 429 | O7: 31621 | P7: 441 | Q7: 273
A8: رئاسة القاهرة الكبرى | B8: قطاع غرب القاهرة | C8: المنطقة الرابعه غرب | D8: Normal | E8: 4588 | F8: 4708 | G8: 199 | H8: 29 | I8: 57 | J8: 13842 | K8: 18058 | L8: 1021 | M8: 129 | N8: 3214 | O8: 22608 | P8: 377 | Q8: 3
A9: رئاسة القاهرة الكبرى | B9: قطاع مناطق القاهرة الجديدة | C9: المنطقة الأولى القاهرة الجديدة | D9: Normal | E9: 25068 | F9: 22625 | G9: 719 | H9: 105 | I9: 437 | J9: 22719 | K9: 25928 | L9: 1325 | M9: 396 | N9: 1431 | O9: 39978 | P9: 3002 | Q9: 0
A10: رئاسة القاهرة الكبرى | B10: قطاع مناطق القاهرة الجديدة | C10: المنطقة الثالثة القاهرة الجديدة | D10: Normal | E10: 1612 | F10: 1519 | G10: 43 | H10: 1 | I10: 7 | J10: 18 | K10: 24 | L10: 2 | M10: 0 | N10: 1 | O10: 30 | P10: 0 | Q10: 0
A11: رئاسة القاهرة الكبرى | B11: قطاع مناطق القاهرة الجديدة | C11: المنطقة الثانية القاهرة الجديدة | D11: Normal | E11: 15511 | F11: 14787 | G11: 396 | H11: 38 | I11: 97 | J11: 18764 | K11: 19036 | L11: 269 | M11: 18 | N11: 24 | O11: 22803 | P11: 12 | Q11: 0
A12: رئاسة القاهرة الكبرى | B12: قطاع مناطق القاهرة الجديدة | C12: المنطقة الرابعة القاهرة الجديدة | D12: Normal | E12: 18992 | F12: 15275 | G12: 526 | H12: 98 | I12: 845 | J12: 11899 | K12: 15092 | L12: 857 | M12: 374 | N12: 1263 | O12: 19761 | P12: 647 | Q12: 335
A13: رئاسة المنطقة الجنوبية | B13: قطاع الجيزة | C13: المنطقة الاولى جيزة | D13: Normal | E13: 4443 | F13: 4460 | G13: 214 | H13: 14 | I13: 50 | J13: 56760 | K13: 74937 | L13: 2971 | M13: 365 | N13: 11919 | O13: 99931 | P13: 671 | Q13: 356
... A51: رئاسة المنطقة الغربية | B51: قطاع وسط الدلتا | C51: منطقة تليفونات المنوفية | D51: Normal | E51: 2639 | F51: 4343 | G51: 179 | H51: 13 | I51: 16 | J51: 1807 | K51: 2579 | L51: 177 | M51: 8 | N51: 56 | O51: 2774 | P51: 170 | Q51: 3
